Time (s),Humidity (%)
0.550175190,19.98535
1.548768044,18.98438
2.549838066,16.46973
3.548430920,17.45898
4.549500942,16.24219
5.548384667,17.39844
6.549454212,15.84863
7.548046112,15.63379
8.549115181,17.30273
9.550184727,16.33691
10.548774719,15.27441
